{"initial_reset_timestamp": 1562037846.0178218, "timestamps": [1562037862.6089723, 1562037879.078327], "episode_lengths": [1000, 1000], "episode_rewards": [538635.2533257478, 528942.8567581979], "episode_types": ["t", "t"]}